craft,score,wins,survivedCount,miaCount,deathCount,dcB,dcR,dcM,dcR,dcA,dcS,deathOrder,deathTime,cleanKills,ckB,ckR,ckM,ckR,assists,hits,hitsTaken,bulletDamage,bulletDamageTaken,rocketHits,rocketHitsTaken,rocketPartsHit,rocketPartsHitTaken,rocketDamage,rocketDamageTaken,missileHits,missileHitsTaken,missilePartsHit,missilePartsHitTaken,missileDamage,missileDamageTaken,ramScore,ramScoreTaken,battleDamage,battleDamageTaken,partsLostToAsteroids,HPremaining,accuracy,rocket_accuracy,damage/hit,hits/spawn,damage/spawn
AIF-38D5_1,54.11,5.0,3.0,1.0,1.0,0.0,0.0,0.0,0.0,1.0,0.0,4.41,73.0,6.0,1.0,0.0,5.0,0.0,4.0,77.0,0.0,9191.4,0.0,0.0,0.0,0.0,0.0,0.0,0.0,21.0,4.0,1215.0,273.0,469720.7,43415.7,0.0,0.0,33844.8,0.2,0.0,100.0,34.22,0.0,119.36,19.25,2297.85
AIF-38D5,40.65,5.0,4.0,0.0,1.0,0.0,0.0,0.0,0.0,1.0,0.0,4.16,75.0,3.0,1.0,0.0,2.0,0.0,5.0,45.0,0.0,4684.0,0.0,0.0,0.0,0.0,0.0,0.0,0.0,16.0,3.0,1034.0,239.0,347940.1,18903.5,0.0,0.0,14878.4,0.0,0.0,88.21,21.32,0.0,104.08,9.0,936.8
AIF-38D5_5,39.62,5.0,5.0,0.0,0.0,0.0,0.0,0.0,0.0,0.0,0.0,5.0,0.0,4.0,0.0,0.0,4.0,0.0,4.0,47.0,0.0,3848.39,0.0,0.0,0.0,0.0,0.0,0.0,0.0,16.0,2.0,854.0,160.0,222982.7,17309.0,0.0,0.0,46.7,0.0,0.0,97.93,26.55,0.0,81.88,9.4,769.68
AIF-38D5_2,38.95,5.0,3.0,0.0,2.0,0.0,0.0,1.0,0.0,1.0,0.0,3.58,122.0,1.0,0.0,0.0,1.0,0.0,5.0,16.0,0.0,1255.8,0.0,0.0,0.0,0.0,0.0,0.0,0.0,15.0,6.0,1076.0,404.0,425590.1,284481.59,0.0,0.0,31.4,0.0,0.0,89.65,22.22,0.0,78.48,3.2,251.16
AIF-38D5_3,36.2,5.0,4.0,1.0,0.0,0.0,0.0,0.0,0.0,0.0,0.0,5.0,0.0,3.0,1.0,0.0,2.0,0.0,3.0,25.0,0.0,3073.4,0.0,0.0,0.0,0.0,0.0,0.0,0.0,16.0,3.0,905.0,249.0,228534.8,82399.3,0.0,0.0,14446.2,0.2,0.0,93.39,29.06,0.0,122.93,6.25,768.35
AIF-38D5_4,29.14,5.0,3.0,0.0,2.0,0.0,0.0,2.0,0.0,0.0,0.0,3.0,103.0,3.0,1.0,0.0,2.0,0.0,2.0,2.0,1.0,1571.7,87.4,0.0,0.0,0.0,0.0,0.0,0.0,13.0,5.0,658.0,336.0,171267.4,158066.5,0.0,0.0,100.3,36119.69,0.0,92.33,4.76,0.0,785.85,0.4,314.34
AIF-38D2,14.22,0.0,0.0,0.0,5.0,0.0,0.0,3.0,0.0,2.0,0.0,1.58,380.0,2.0,0.0,0.0,2.0,0.0,1.0,0.0,4.0,0.0,349.5,0.0,0.0,0.0,0.0,0.0,0.0,6.0,11.0,436.0,733.0,149595.1,206966.4,0.0,0.0,23840.7,13295.4,0.0,0.0,0.0,0.0,0.0,0.0,0.0
AIF-38D2_3,11.54,0.0,0.0,0.0,5.0,1.0,0.0,3.0,0.0,1.0,0.0,1.5,368.0,1.0,0.0,0.0,1.0,0.0,1.0,1.0,60.0,87.4,4920.7,0.0,0.0,0.0,0.0,0.0,0.0,4.0,21.0,269.0,1076.0,119520.2,325192.3,0.0,0.0,12279.2,14769.3,0.0,0.0,2.56,0.0,87.4,0.2,17.48
AIF-38D2_1,9.82,0.0,0.0,0.0,5.0,1.0,0.0,3.0,0.0,1.0,0.0,1.25,368.0,0.0,0.0,0.0,0.0,0.0,2.0,0.0,132.0,0.0,14972.5,0.0,0.0,0.0,0.0,0.0,0.0,6.0,20.0,418.0,1099.0,92696.4,314896.5,0.0,0.0,0.0,20736.2,0.0,0.0,0.0,0.0,0.0,0.0,0.0
AIF-38D2_4,9.08,0.0,0.0,0.0,5.0,1.0,0.0,3.0,0.0,1.0,0.0,1.66,392.0,0.0,0.0,0.0,0.0,0.0,1.0,0.0,14.0,0.0,1810.3,0.0,0.0,0.0,0.0,0.0,0.0,1.0,16.0,50.0,1024.0,143571.29,366960.3,0.0,0.0,0.0,14546.1,0.0,0.0,0.0,0.0,0.0,0.0,0.0
AIF-38D2_5,2.44,0.0,0.0,0.0,5.0,1.0,0.0,2.0,0.0,2.0,0.0,1.41,360.0,0.0,0.0,0.0,0.0,0.0,0.0,0.0,2.0,0.0,1571.7,0.0,0.0,0.0,0.0,0.0,0.0,0.0,16.0,0.0,794.0,0.0,349947.7,0.0,0.0,0.0,0.4,0.0,0.0,0.0,0.0,0.0,0.0,0.0
AIF-38D2_2,2.28,0.0,0.0,0.0,5.0,0.0,0.0,2.0,0.0,3.0,0.0,0.75,316.0,0.0,0.0,0.0,0.0,0.0,0.0,0.0,0.0,0.0,0.0,0.0,0.0,0.0,0.0,0.0,0.0,3.0,10.0,252.0,780.0,42382.6,245262.6,0.0,0.0,0.2,0.4,0.0,0.0,0.0,0.0,0.0,0.0,0.0

Team,Wins,Draws,Deaths,Vessels
AIF-38D5,5,0,0,AIF-38D5,AIF-38D5_1,AIF-38D5_2,AIF-38D5_3,AIF-38D5_4,AIF-38D5_5
AIF-38D2,0,0,5,AIF-38D2,AIF-38D2_1,AIF-38D2_2,AIF-38D2_3,AIF-38D2_4,AIF-38D2_5

Name \ Cumulative Score Per Round,      0,      1,      2,      3,      4
AIF-38D5_1,17.98,30.86,34.32,41.29,54.11
AIF-38D5,10.40,13.68,18.12,34.25,40.65
AIF-38D5_5,5.14,9.14,27.03,31.26,39.63
AIF-38D5_2,4.47,17.42,21.77,34.36,38.95
AIF-38D5_3,5.79,13.00,23.74,33.46,36.21
AIF-38D5_4,1.30,8.49,15.51,17.33,29.15
AIF-38D2,6.62,7.39,9.03,9.22,14.22
AIF-38D2_3,1.81,1.85,5.40,11.13,11.55
AIF-38D2_1,1.15,5.99,9.00,9.20,9.83
AIF-38D2_4,0.56,0.55,6.78,8.49,9.08
AIF-38D2_5,0.22,1.65,2.12,1.90,2.45
AIF-38D2_2,0.84,1.25,0.69,1.56,2.29